case_name,vds_group_V,panel_title,model,branch,n_points,peak_ids_A,mae_A,rmse_A,nmae_pct,nrmse_pct
400V__400v-10us_000_ALL_csv,400,10 us,NN branch,NN branch,1080,536.71875,7.718724907778705,10.965424518798569,1.438132151667648,2.043048527519966
400V__400v-10us_000_ALL_csv,400,10 us,Physics branch,Physics branch,1080,536.71875,14.088415612758814,20.123832633995924,2.62491586380368,3.7494185984737674
400V__400v-1_9us_000_ALL_csv,400,1.9 us,NN branch,NN branch,194,526.40625,12.760647095358244,27.8702000061886,2.4241063048469207,5.294428021359663
400V__400v-1_9us_000_ALL_csv,400,1.9 us,Physics branch,Physics branch,194,526.40625,23.694740851085204,55.55198523232078,4.501227113296091,10.553063386371415
400V__400v-2_8us_000_ALL_csv,400,2.8 us,NN branch,NN branch,290,523.28125,9.111436672889655,18.671760672436793,1.7412121441174617,3.5682074739801575
400V__400v-2_8us_000_ALL_csv,400,2.8 us,Physics branch,Physics branch,290,523.28125,16.024043369262657,38.81026375741533,3.0622238746873993,7.416712094579221
400V__400v-3_7us_000_ALL_csv,400,3.7 us,NN branch,NN branch,384,522.53125,8.030884782526561,16.413681312092177,1.536919520607918,3.1411865437889457
400V__400v-3_7us_000_ALL_csv,400,3.7 us,Physics branch,Physics branch,384,522.53125,12.516650629003152,30.95760044410828,2.395387956031941,5.9245452676961
400V__400v-4_6us_000_ALL_csv,400,4.6 us,NN branch,NN branch,479,524.90625,7.353402792948225,14.58761927736831,1.4008983114505162,2.77909041421555
400V__400v-4_6us_000_ALL_csv,400,4.6 us,Physics branch,Physics branch,479,524.90625,11.196716513103278,27.06518110340162,2.1330888159749057,5.156193339934821
400V__400v-5_5us_000_ALL_csv,400,5.5 us,NN branch,NN branch,572,522.28125,6.267473981304022,12.475045639625135,1.2000189517245778,2.3885685422605416
400V__400v-5_5us_000_ALL_csv,400,5.5 us,Physics branch,Physics branch,572,522.28125,9.75142396317612,22.27615197147015,1.867082910438795,4.265164022539609
400V__400v-6_4us_000_ALL_csv,400,6.4 us,NN branch,NN branch,665,521.84375,5.536908968577745,11.17817759954756,1.0610281273997715,2.1420545133572184
400V__400v-6_4us_000_ALL_csv,400,6.4 us,Physics branch,Physics branch,665,521.84375,8.678838350009517,20.257328680877045,1.6631105287760017,3.881876266770857
400V__400v-7_3us_000_ALL_csv,400,7.3 us,NN branch,NN branch,762,525.625,5.4877187373842515,11.035010501647216,1.0440368584797626,2.0994074676142147
400V__400v-7_3us_000_ALL_csv,400,7.3 us,Physics branch,Physics branch,762,525.625,9.216973221477874,19.810881632691594,1.7535264155011412,3.769014341534667
400V__400v-8_2us_000_ALL_csv,400,8.2 us,NN branch,NN branch,854,521.78125,5.517595170530327,10.299914120285342,1.0574537069950918,1.973990847751877
400V__400v-8_2us_000_ALL_csv,400,8.2 us,Physics branch,Physics branch,854,521.78125,9.742951627262917,18.705922269162272,1.8672483204911863,3.5850123531963387
400V__400v-9_1us_000_ALL_csv,400,9.1 us,NN branch,NN branch,952,538.9375,6.211732303283718,10.139860740812901,1.152588621738832,1.8814539238432844
400V__400v-9_1us_000_ALL_csv,400,9.1 us,Physics branch,Physics branch,952,538.9375,10.831381192511714,18.25164773682728,2.0097657321139675,3.386598211634425
600V__Vgs18_000_ALL_csv,600,VGS 18 V,NN branch,NN branch,387,541.0,7.530992130882688,13.289249379372519,1.3920503014570589,2.4564231754847543
600V__Vgs18_000_ALL_csv,600,VGS 18 V,Physics branch,Physics branch,387,541.0,12.269511395318577,24.59328976561016,2.267931866047796,4.545894596231083
600V__vgs10_000_ALL_csv,600,VGS 10 V,NN branch,NN branch,413,194.359375,2.4814791182970946,5.423069570730337,1.2767478380176385,2.790227932524653
600V__vgs10_000_ALL_csv,600,VGS 10 V,Physics branch,Physics branch,413,194.359375,4.36548662797661,10.681285493533093,2.246090073080658,5.495636880666596
600V__vgs11_000_ALL_csv,600,VGS 11 V,NN branch,NN branch,417,235.53125,2.9910747793134287,6.077400031145616,1.2699269329710723,2.5802945601255103
600V__vgs11_000_ALL_csv,600,VGS 11 V,Physics branch,Physics branch,417,235.53125,5.163248188703117,11.985970812625508,2.1921711826787815,5.088908929335495
600V__vgs12_000_ALL_csv,600,VGS 12 V,NN branch,NN branch,420,281.703125,3.4567935216321426,6.960962762876487,1.227105138301942,2.4710278818797224
600V__vgs12_000_ALL_csv,600,VGS 12 V,Physics branch,Physics branch,420,281.703125,6.005571335169526,13.377337349053409,2.131879557661821,4.748735871869866
600V__vgs13_000_ALL_csv,600,VGS 13 V,NN branch,NN branch,422,328.0,4.746668557989526,9.827401965077746,1.4471550481675386,2.996159135694435
600V__vgs13_000_ALL_csv,600,VGS 13 V,Physics branch,Physics branch,422,328.0,6.7754704213156405,14.373226451389888,2.0656922016206223,4.382081235179844
600V__vgs14_000_ALL_csv,600,VGS 14 V,NN branch,NN branch,426,377.0625,4.3978921237443656,7.508788418617471,1.166356273494279,1.9913909281929314
600V__vgs14_000_ALL_csv,600,VGS 14 V,Physics branch,Physics branch,426,377.0625,7.152834723302723,13.943398365893865,1.8969891525417466,3.697901108143574
600V__vgs15_000_ALL_csv,600,VGS 15 V,NN branch,NN branch,430,428.015625,5.470760363267906,9.018994473394399,1.2781683760418574,2.10716477310715
600V__vgs15_000_ALL_csv,600,VGS 15 V,Physics branch,Physics branch,430,428.015625,8.151916497776813,15.724471883988636,1.9045838566703759,3.6738079092296307
600V__vgs9_000_ALL_csv,600,VGS 9 V,NN branch,NN branch,408,133.6875,1.6495456602397054,2.6585990104594592,1.2338817467898686,1.9886668614937517
600V__vgs9_000_ALL_csv,600,VGS 9 V,Physics branch,Physics branch,408,133.6875,2.8962850441737746,5.10946365258724,2.1664591260766897,3.821945696184939
800V__vgs10_000_ALL_csv,800,VGS 10 V,NN branch,NN branch,415,196.1875,2.607437446131566,5.690414642761243,1.3290538113445383,2.9004980657591553
800V__vgs10_000_ALL_csv,800,VGS 10 V,Physics branch,Physics branch,415,196.1875,4.659833270170121,11.072109123703767,2.3751937662542826,5.64363638035235
800V__vgs11_000_ALL_csv,800,VGS 11 V,NN branch,NN branch,419,239.078125,2.8774854892797124,4.919624154300857,1.2035753958166238,2.057747505883634
800V__vgs11_000_ALL_csv,800,VGS 11 V,Physics branch,Physics branch,419,239.078125,5.288839227013844,9.669514377947834,2.212180318468636,4.044499837844986
800V__vgs12_000_ALL_csv,800,VGS 12 V,NN branch,NN branch,426,283.8125,3.3905211260676054,5.874312107092706,1.1946341778701097,2.0697862522238117
800V__vgs12_000_ALL_csv,800,VGS 12 V,Physics branch,Physics branch,426,283.8125,6.300130342595798,12.011536118710573,2.2198213054730846,4.232208277898462
800V__vgs13_000_ALL_csv,800,VGS 13 V,NN branch,NN branch,460,332.34375,5.228939023477609,8.77187206896979,1.5733525975673106,2.6393973315188837
800V__vgs13_000_ALL_csv,800,VGS 13 V,Physics branch,Physics branch,460,332.34375,8.112158286557305,15.945923912140163,2.440893889702245,4.798021299374567
800V__vgs14-ng_000_ALL_csv,800,VGS 14 V NG,NN branch,NN branch,418,660.0,9.783743725788755,30.628806076169912,1.482385412998296,4.640728193359077
800V__vgs14-ng_000_ALL_csv,800,VGS 14 V NG,Physics branch,Physics branch,418,660.0,17.636907270863635,60.532295497506055,2.672258677403581,9.171559923864555
800V__vgs9_000_ALL_csv,800,VGS 9 V,NN branch,NN branch,411,157.390625,1.9853794535034062,4.470151530859193,1.2614343792734835,2.840163784125765
800V__vgs9_000_ALL_csv,800,VGS 9 V,Physics branch,Physics branch,411,157.390625,3.496123796326521,8.485892008802521,2.2213037125473774,5.391612117178212
